{
 "providers":
   [
	 {
	   "type":"bitmap","file":"travelerstitles:font/overworld.png","ascent":13,"height":13,"chars":["\uE000"]
	 },
	 {
	   "type":"bitmap","file":"travelerstitles:font/overworld_cs_cz.png","ascent":15,"height":18,"chars":["\uE001"]
	 },
	 {
	   "type":"bitmap","file":"travelerstitles:font/overworld_de_ch.png","ascent":16,"height":16,"chars":["\uE002"]
	 },
	 {
	   "type":"bitmap","file":"travelerstitles:font/overworld_de_de.png","ascent":13,"height":13,"chars":["\uE003"]
	 },
	 {
	   "type":"bitmap","file":"travelerstitles:font/overworld_el_gr.png","ascent":13,"height":15,"chars":["\uE004"]
	 },
	 {
	   "type":"bitmap","file":"travelerstitles:font/overworld_es_es.png","ascent":13,"height":13,"chars":["\uE005"]
	 },
	 {
	   "type":"bitmap","file":"travelerstitles:font/overworld_fr_fr.png","ascent":13,"height":13,"chars":["\uE006"]
	 },
	 {
	   "type":"bitmap","file":"travelerstitles:font/overworld_id_id.png","ascent":13,"height":13,"chars":["\uE007"]
	 },
	 {
	   "type":"bitmap","file":"travelerstitles:font/overworld_ja_jp.png","ascent":15,"height":16,"chars":["\uE008"]
	 },
	 {
	   "type":"bitmap","file":"travelerstitles:font/overworld_ko_kr.png","ascent":15,"height":18,"chars":["\uE009"]
	 },
	 {
	   "type":"bitmap","file":"travelerstitles:font/overworld_nl_nl.png","ascent":13,"height":13,"chars":["\uE010"]
	 },
	 {
	   "type":"bitmap","file":"travelerstitles:font/overworld_pl_pl.png","ascent":16,"height":19,"chars":["\uE011"]
	 },
	 {
	   "type":"bitmap","file":"travelerstitles:font/overworld_pt_pt.png","ascent":16,"height":16,"chars":["\uE012"]
	 },
	 {
	   "type":"bitmap","file":"travelerstitles:font/overworld_ro_ro.png","ascent":13,"height":16,"chars":["\uE013"]
	 },
	 {
	   "type":"bitmap","file":"travelerstitles:font/overworld_sk_sk.png","ascent":15,"height":18,"chars":["\uE014"]
	 },
	 {
	   "type":"bitmap","file":"travelerstitles:font/overworld_uk_ua.png","ascent":14,"height":17,"chars":["\uE015"]
	 },
	 {
	   "type":"bitmap","file":"travelerstitles:font/overworld_vi_vn.png","ascent":16,"height":20,"chars":["\uE016"]
	 },
	 {
	   "type":"bitmap","file":"travelerstitles:font/overworld_zh_cn.png","ascent":15,"height":18,"chars":["\uE017"]
	 },
	 {
	   "type":"bitmap","file":"travelerstitles:font/the_end.png","ascent":13,"height":13,"chars":["\uE030"]
	 },
	 {
	   "type":"bitmap","file":"travelerstitles:font/the_end_cs_cz.png","ascent":13,"height":13,"chars":["\uE031"]
	 },
	 {
	   "type":"bitmap","file":"travelerstitles:font/the_end_de_ch.png","ascent":16,"height":16,"chars":["\uE032"]
	 },
	 {
	   "type":"bitmap","file":"travelerstitles:font/the_end_de_de.png","ascent":13,"height":13,"chars":["\uE033"]
	 },
	 {
	   "type":"bitmap","file":"travelerstitles:font/the_end_el_gr.png","ascent":13,"height":13,"chars":["\uE034"]
	 },
	 {
	   "type":"bitmap","file":"travelerstitles:font/the_end_es_es.png","ascent":13,"height":13,"chars":["\uE035"]
	 },
	 {
	   "type":"bitmap","file":"travelerstitles:font/the_end_fr_fr.png","ascent":13,"height":13,"chars":["\uE036"]
	 },
	 {
	   "type":"bitmap","file":"travelerstitles:font/the_end_id_id.png","ascent":13,"height":13,"chars":["\uE037"]
	 },
	 {
	   "type":"bitmap","file":"travelerstitles:font/the_end_ja_jp.png","ascent":15,"height":15,"chars":["\uE038"]
	 },
	 {
	   "type":"bitmap","file":"travelerstitles:font/the_end_ko_kr.png","ascent":15,"height":18,"chars":["\uE039"]
	 },
	 {
	   "type":"bitmap","file":"travelerstitles:font/the_end_pt_pt.png","ascent":13,"height":13,"chars":["\uE040"]
	 },
	 {
	   "type":"bitmap","file":"travelerstitles:font/the_end_uk_ua.png","ascent":13,"height":13,"chars":["\uE041"]
	 },
	 {
	   "type":"bitmap","file":"travelerstitles:font/the_end_zh_cn.png","ascent":15,"height":18,"chars":["\uE042"]
	 },
	 {
	   "type":"bitmap","file":"travelerstitles:font/the_nether.png","ascent":13,"height":13,"chars":["\uE050"]
	 },
	 {
	   "type":"bitmap","file":"travelerstitles:font/the_nether_cs_cz.png","ascent":13,"height":13,"chars":["\uE051"]
	 },
	 {
	   "type":"bitmap","file":"travelerstitles:font/the_nether_de_de.png","ascent":13,"height":13,"chars":["\uE052"]
	 },
	 {
	   "type":"bitmap","file":"travelerstitles:font/the_nether_el_gr.png","ascent":13,"height":13,"chars":["\uE053"]
	 },
	 {
	   "type":"bitmap","file":"travelerstitles:font/the_nether_es_es.png","ascent":13,"height":13,"chars":["\uE054"]
	 },
	 {
	   "type":"bitmap","file":"travelerstitles:font/the_nether_fr_fr.png","ascent":13,"height":13,"chars":["\uE055"]
	 },
	 {
	   "type":"bitmap","file":"travelerstitles:font/the_nether_it_it.png","ascent":13,"height":13,"chars":["\uE056"]
	 },
	 {
	   "type":"bitmap","file":"travelerstitles:font/the_nether_ja_jp.png","ascent":15,"height":15,"chars":["\uE057"]
	 },
	 {
	   "type":"bitmap","file":"travelerstitles:font/the_nether_ko_kr.png","ascent":15,"height":18,"chars":["\uE058"]
	 },
	 {
	   "type":"bitmap","file":"travelerstitles:font/the_nether_uk_ua.png","ascent":13,"height":13,"chars":["\uE059"]
	 },
	 {
	   "type":"bitmap","file":"travelerstitles:font/the_nether_zh_cn.png","ascent":15,"height":18,"chars":["\uE060"]
	 },
	 {
	   "type":"bitmap","file":"travelerstitles:font/deimos.png","ascent":13,"height":13,"chars":["\uE061"]
	 },
	 {
	   "type":"bitmap","file":"travelerstitles:font/deimos_el_gr.png","ascent":13,"height":13,"chars":["\uE062"]
	 },
	 {
	   "type":"bitmap","file":"travelerstitles:font/deimos_fr_fr.png","ascent":16,"height":16,"chars":["\uE063"]
	 },
	 {
	   "type":"bitmap","file":"travelerstitles:font/deimos_ja_jp.png","ascent":15,"height":15,"chars":["\uE064"]
	 },
	 {
	   "type":"bitmap","file":"travelerstitles:font/deimos_ko_kr.png","ascent":15,"height":18,"chars":["\uE065"]
	 },
	 {
	   "type":"bitmap","file":"travelerstitles:font/deimos_uk_ua.png","ascent":15,"height":15,"chars":["\uE066"]
	 },
	 {
	   "type":"bitmap","file":"travelerstitles:font/deimos_zh_cn.png","ascent":15,"height":18,"chars":["\uE067"]
	 },
	 {
	   "type":"bitmap","file":"travelerstitles:font/glacio.png","ascent":13,"height":13,"chars":["\uE070"]
	 },
	 {
	   "type":"bitmap","file":"travelerstitles:font/glacio_el_gr.png","ascent":13,"height":13,"chars":["\uE071"]
	 },
	 {
	   "type":"bitmap","file":"travelerstitles:font/glacio_ja_jp.png","ascent":15,"height":15,"chars":["\uE072"]
	 },
	 {
	   "type":"bitmap","file":"travelerstitles:font/glacio_ko_kr.png","ascent":15,"height":18,"chars":["\uE073"]
	 },
	 {
	   "type":"bitmap","file":"travelerstitles:font/glacio_uk_ua.png","ascent":15,"height":15,"chars":["\uE074"]
	 },
	 {
	   "type":"bitmap","file":"travelerstitles:font/glacio_zh_cn.png","ascent":15,"height":18,"chars":["\uE075"]
	 },
	 {
	   "type":"bitmap","file":"travelerstitles:font/mars.png","ascent":13,"height":13,"chars":["\uE080"]
	 },
	 {
	   "type":"bitmap","file":"travelerstitles:font/mars_el_gr.png","ascent":13,"height":13,"chars":["\uE081"]
	 },
	 {
	   "type":"bitmap","file":"travelerstitles:font/mars_es_es.png","ascent":13,"height":13,"chars":["\uE082"]
	 },
	 {
	   "type":"bitmap","file":"travelerstitles:font/mars_ja_jp.png","ascent":15,"height":18,"chars":["\uE083"]
	 },
	 {
	   "type":"bitmap","file":"travelerstitles:font/mars_ko_kr.png","ascent":15,"height":18,"chars":["\uE084"]
	 },
	 {
	   "type":"bitmap","file":"travelerstitles:font/mars_uk_ua.png","ascent":13,"height":13,"chars":["\uE085"]
	 },
	 {
	   "type":"bitmap","file":"travelerstitles:font/mars_vi_vn.png","ascent":16,"height":16,"chars":["\uE086"]
	 },
	 {
	   "type":"bitmap","file":"travelerstitles:font/mercury.png","ascent":13,"height":13,"chars":["\uE090"]
	 },
	 {
	   "type":"bitmap","file":"travelerstitles:font/mercury_cs_cz.png","ascent":13,"height":13,"chars":["\uE091"]
	 },
	 {
	   "type":"bitmap","file":"travelerstitles:font/mercury_el_gr.png","ascent":13,"height":13,"chars":["\uE092"]
	 },
	 {
	   "type":"bitmap","file":"travelerstitles:font/mercury_es_es.png","ascent":13,"height":13,"chars":["\uE093"]
	 },
	 {
	   "type":"bitmap","file":"travelerstitles:font/mercury_fr_fr.png","ascent":13,"height":13,"chars":["\uE094"]
	 },
	 {
	   "type":"bitmap","file":"travelerstitles:font/mercury_id_id.png","ascent":13,"height":13,"chars":["\uE095"]
	 },
	 {
	   "type":"bitmap","file":"travelerstitles:font/mercury_ja_jp.png","ascent":15,"height":18,"chars":["\uE096"]
	 },
	 {
	   "type":"bitmap","file":"travelerstitles:font/mercury_ko_kr.png","ascent":15,"height":18,"chars":["\uE097"]
	 },
	 {
	   "type":"bitmap","file":"travelerstitles:font/mercury_nl_nl.png","ascent":13,"height":13,"chars":["\uE098"]
	 },
	 {
	   "type":"bitmap","file":"travelerstitles:font/mercury_pl_pl.png","ascent":13,"height":13,"chars":["\uE099"]
	 },
	 {
	   "type":"bitmap","file":"travelerstitles:font/mercury_pt_pt.png","ascent":16,"height":16,"chars":["\uE100"]
	 },
	 {
	   "type":"bitmap","file":"travelerstitles:font/mercury_ro_ro.png","ascent":16,"height":16,"chars":["\uE101"]
	 },
	 {
	   "type":"bitmap","file":"travelerstitles:font/mercury_sk_sk.png","ascent":16,"height":16,"chars":["\uE102"]
	 },
	 {
	   "type":"bitmap","file":"travelerstitles:font/mercury_uk_ua.png","ascent":15,"height":15,"chars":["\uE103"]
	 },
	 {
	   "type":"bitmap","file":"travelerstitles:font/mercury_vi_vn.png","ascent":16,"height":16,"chars":["\uE104"]
	 },
	 {
	   "type":"bitmap","file":"travelerstitles:font/moon.png","ascent":13,"height":13,"chars":["\uE110"]
	 },
	 {
	   "type":"bitmap","file":"travelerstitles:font/moon_cs_cz.png","ascent":16,"height":16,"chars":["\uE111"]
	 },
	 {
	   "type":"bitmap","file":"travelerstitles:font/moon_de_de.png","ascent":13,"height":13,"chars":["\uE112"]
	 },
	 {
	   "type":"bitmap","file":"travelerstitles:font/moon_el_gr.png","ascent":13,"height":13,"chars":["\uE113"]
	 },
	 {
	   "type":"bitmap","file":"travelerstitles:font/moon_es_es.png","ascent":13,"height":13,"chars":["\uE114"]
	 },
	 {
	   "type":"bitmap","file":"travelerstitles:font/moon_fr_fr.png","ascent":13,"height":13,"chars":["\uE115"]
	 },
	 {
	   "type":"bitmap","file":"travelerstitles:font/moon_id_id.png","ascent":13,"height":13,"chars":["\uE116"]
	 },
	 {
	   "type":"bitmap","file":"travelerstitles:font/moon_it_it.png","ascent":13,"height":13,"chars":["\uE117"]
	 },
	 {
	   "type":"bitmap","file":"travelerstitles:font/moon_ja_jp.png","ascent":15,"height":18,"chars":["\uE118"]
	 },
	 {
	   "type":"bitmap","file":"travelerstitles:font/moon_ko_kr.png","ascent":15,"height":18,"chars":["\uE119"]
	 },
	 {
	   "type":"bitmap","file":"travelerstitles:font/moon_nl_nl.png","ascent":13,"height":13,"chars":["\uE120"]
	 },
	 {
	   "type":"bitmap","file":"travelerstitles:font/moon_pl_pl.png","ascent":15,"height":18,"chars":["\uE121"]
	 },
	 {
	   "type":"bitmap","file":"travelerstitles:font/moon_pt_pt.png","ascent":13,"height":13,"chars":["\uE122"]
	 },
	 {
	   "type":"bitmap","file":"travelerstitles:font/moon_sk_sk.png","ascent":13,"height":13,"chars":["\uE123"]
	 },
	 {
	   "type":"bitmap","file":"travelerstitles:font/moon_uk_ua.png","ascent":13,"height":15,"chars":["\uE124"]
	 },
	 {
	   "type":"bitmap","file":"travelerstitles:font/moon_vi_vn.png","ascent":16,"height":18,"chars":["\uE125"]
	 },
	 {
	   "type":"bitmap","file":"travelerstitles:font/moon_zh_cn.png","ascent":15,"height":18,"chars":["\uE126"]
	 },
	 {
	   "type":"bitmap","file":"travelerstitles:font/phobos.png","ascent":13,"height":13,"chars":["\uE130"]
	 },
	 {
	   "type":"bitmap","file":"travelerstitles:font/phobos_cs_cz.png","ascent":13,"height":13,"chars":["\uE131"]
	 },
	 {
	   "type":"bitmap","file":"travelerstitles:font/phobos_el_gr.png","ascent":13,"height":13,"chars":["\uE132"]
	 },
	 {
	   "type":"bitmap","file":"travelerstitles:font/phobos_ja_jp.png","ascent":15,"height":15,"chars":["\uE133"]
	 },
	 {
	   "type":"bitmap","file":"travelerstitles:font/phobos_ko_kr.png","ascent":15,"height":18,"chars":["\uE134"]
	 },
	 {
	   "type":"bitmap","file":"travelerstitles:font/phobos_uk_ua.png","ascent":13,"height":13,"chars":["\uE135"]
	 },
	 {
	   "type":"bitmap","file":"travelerstitles:font/phobos_zh_cn.png","ascent":15,"height":18,"chars":["\uE136"]
	 },
	 {
	   "type":"bitmap","file":"travelerstitles:font/venus.png","ascent":13,"height":13,"chars":["\uE140"]
	 },
	 {
	   "type":"bitmap","file":"travelerstitles:font/venus_cs_cz.png","ascent":15,"height":15,"chars":["\uE141"]
	 },
	 {
	   "type":"bitmap","file":"travelerstitles:font/venus_el_gr.png","ascent":13,"height":13,"chars":["\uE142"]
	 },
	 {
	   "type":"bitmap","file":"travelerstitles:font/venus_fr_fr.png","ascent":16,"height":16,"chars":["\uE143"]
	 },
	 {
	   "type":"bitmap","file":"travelerstitles:font/venus_it_it.png","ascent":13,"height":13,"chars":["\uE144"]
	 },
	 {
	   "type":"bitmap","file":"travelerstitles:font/venus_ja_jp.png","ascent":15,"height":18,"chars":["\uE145"]
	 },
	 {
	   "type":"bitmap","file":"travelerstitles:font/venus_ko_kr.png","ascent":15,"height":18,"chars":["\uE146"]
	 },
	 {
	   "type":"bitmap","file":"travelerstitles:font/venus_pl_pl.png","ascent":13,"height":13,"chars":["\uE147"]
	 },
	 {
	   "type":"bitmap","file":"travelerstitles:font/venus_pt_br.png","ascent":15,"height":15,"chars":["\uE148"]
	 },
	 {
	   "type":"bitmap","file":"travelerstitles:font/venus_sk_sk.png","ascent":15,"height":15,"chars":["\uE149"]
	 },
	 {
	   "type":"bitmap","file":"travelerstitles:font/venus_uk_ua.png","ascent":13,"height":13,"chars":["\uE150"]
	 },
	 {
	   "type":"bitmap","file":"travelerstitles:font/venus_vi_vn.png","ascent":13,"height":13,"chars":["\uE151"]
	 },
	 {
	   "type":"bitmap","file":"travelerstitles:font/otherside.png","ascent":13,"height":13,"chars":["\uE152"]
	 }
   ]
}