{
	"format_version": "1.21.6",
	"credit": "Made with Blockbench | by: Agente_511",
	"ambientocclusion": false,
	"texture_size": [64, 64],
	"textures": {
		"particle": "#2"
	},
	"elements": [
		{
			"name": "foot",
			"from": [0, 3, 0],
			"to": [16, 9, 16],
			"rotation": {"angle": 0, "axis": "x", "origin": [8, 5, -1]},
			"faces": {
				"east": {"uv": [5.5, 7, 7, 11.005], "rotation": 90, "texture": "#2"},
				"south": {"uv": [5.5, 7, 9.5, 5.5], "texture": "#2"},
				"west": {"uv": [0, 7, 1.5, 11.005], "rotation": 270, "texture": "#2"},
				"up": {"uv": [1.5, 7, 5.5, 11], "texture": "#2"},
				"down": {"uv": [7, 7, 11, 11.005], "rotation": 180, "texture": "#2"}
			}
		},
		{
			"name": "leg3",
			"from": [0, 0, 13],
			"to": [3, 3, 16],
			"rotation": {"angle": 0, "axis": "y", "origin": [-5, 0, 29]},
			"faces": {
				"north": {"uv": [14.75, 0.75, 15.5, 1.5], "texture": "#2"},
				"east": {"uv": [14, 0.75, 14.75, 1.5], "texture": "#2"},
				"south": {"uv": [13.25, 0.75, 14, 1.5], "texture": "#2"},
				"west": {"uv": [12.5, 0.75, 13.25, 1.5], "texture": "#2"},
				"up": {"uv": [14, 0.75, 13.25, 0], "texture": "#2"},
				"down": {"uv": [14.75, 0, 14, 0.75], "rotation": 180, "texture": "#2"}
			}
		},
		{
			"name": "leg4",
			"from": [13, 0, 13],
			"to": [16, 3, 16],
			"rotation": {"angle": 0, "axis": "y", "origin": [-8, 0, 29]},
			"faces": {
				"north": {"uv": [14, 3.75, 14.75, 4.5], "texture": "#2"},
				"east": {"uv": [13.25, 3.75, 14, 4.5], "texture": "#2"},
				"south": {"uv": [12.5, 3.75, 13.25, 4.5], "texture": "#2"},
				"west": {"uv": [14.75, 3.75, 15.5, 4.5], "texture": "#2"},
				"up": {"uv": [14, 3.75, 13.25, 3], "texture": "#2"},
				"down": {"uv": [14, 3.75, 14.75, 3], "rotation": 90, "texture": "#2"}
			}
		}
	]
}