{
	"format_version": "1.21.6",
	"credit": "Made with Blockbench | by: Agente_511",
	"ambientocclusion": false,
	"texture_size": [64, 64],
	"textures": {
		"1": "block/bed/matress",
		"particle": "#0"
	},
	"elements": [
		{
			"name": "top1",
			"from": [0, 12, -8],
			"to": [16, 13, 0],
			"rotation": {"angle": 0, "axis": "y", "origin": [8, 15, -9]},
			"faces": {
				"north": {"uv": [1.5, 3.5, 5.505, 3.75], "texture": "#0"},
				"east": {"uv": [5.5, 3.5, 5.75, 5.5], "rotation": 90, "texture": "#0"},
				"west": {"uv": [1.25, 3.5, 1.5, 5.5], "rotation": 270, "texture": "#0"},
				"up": {"uv": [1.5, 3.5, 5.5, 5.5], "texture": "#0"},
				"down": {"uv": [1.5, 5.5, 5.5, 3.5], "texture": "#0"}
			}
		},
		{
			"name": "top2",
			"from": [0, 12, 0],
			"to": [16, 13, 16],
			"rotation": {"angle": 0, "axis": "x", "origin": [8, 15, -1]},
			"faces": {
				"east": {"uv": [5.5, 7, 5.75, 11.0025], "rotation": 90, "texture": "#0"},
				"south": {"uv": [5.5, 6.75, 9.505, 7], "rotation": 180, "texture": "#0"},
				"west": {"uv": [1.25, 7, 1.5, 11.0025], "rotation": 270, "texture": "#0"},
				"up": {"uv": [1.5, 7, 5.5, 11], "texture": "#0"},
				"down": {"uv": [1.5, 11, 5.5, 7], "texture": "#0"}
			}
		},
		{
			"name": "right1",
			"from": [16.57, 7.115, -8],
			"to": [17.57, 13.115, 0],
			"rotation": {"angle": 22.5, "axis": "z", "origin": [17.07926, 9.11522, 0]},
			"faces": {
				"north": {"uv": [5.5, 3.5, 7, 3.75], "rotation": 90, "texture": "#0"},
				"east": {"uv": [5.5, 3.5, 7, 5.5], "rotation": 90, "texture": "#0"},
				"west": {"uv": [5.5, 5.5, 7, 3.5], "rotation": 90, "texture": "#0"},
				"up": {"uv": [5.5, 3.5, 5.75, 5.5], "texture": "#0"},
				"down": {"uv": [6.75, 3.5, 7, 5.5], "rotation": 180, "texture": "#0"}
			}
		},
		{
			"name": "right2",
			"from": [16.57, 7.115, 0],
			"to": [17.57, 13.115, 15.99],
			"rotation": {"angle": 22.5, "axis": "z", "origin": [17.07926, 9.11522, 8]},
			"faces": {
				"east": {"uv": [5.5, 7, 7, 11], "rotation": 90, "texture": "#0"},
				"south": {"uv": [5.5, 10.75, 7, 11], "rotation": 90, "texture": "#0"},
				"west": {"uv": [5.5, 11, 7, 7], "rotation": 90, "texture": "#0"},
				"up": {"uv": [1.25, 7, 1.5, 11.0025], "texture": "#0"},
				"down": {"uv": [6.75, 7, 7, 11.0025], "rotation": 180, "texture": "#0"}
			}
		},
		{
			"name": "back",
			"from": [0.005, 7.085, 16.565],
			"to": [15.995, 13.085, 17.565],
			"rotation": {"angle": -22.5, "axis": "x", "origin": [8.07926, 9.11522, 17]},
			"faces": {
				"north": {"uv": [5.5, 7, 9.5, 5.5], "texture": "#0"},
				"east": {"uv": [5.5, 5.5, 5.75, 7], "rotation": 180, "texture": "#0"},
				"south": {"uv": [5.5, 7, 9.5, 5.5], "texture": "#0"},
				"west": {"uv": [9.25, 5.5, 9.5, 7], "rotation": 180, "texture": "#0"},
				"up": {"uv": [5.5, 6.75, 9.5, 7], "texture": "#0"},
				"down": {"uv": [5.5, 5.5, 9.5, 5.75], "rotation": 180, "texture": "#0"}
			}
		},
		{
			"name": "left1",
			"from": [-1.57, 7.135, -8],
			"to": [-0.57, 13.135, 0],
			"rotation": {"angle": -22.5, "axis": "z", "origin": [-1.12074, 9.11522, 0]},
			"faces": {
				"north": {"uv": [1.5, 3.5, 0, 3.75], "rotation": 90, "texture": "#0"},
				"east": {"uv": [1.5, 3.5, 0, 5.5], "rotation": 90, "texture": "#0"},
				"west": {"uv": [0, 3.5, 1.5, 5.5], "rotation": 270, "texture": "#0"},
				"up": {"uv": [1.25, 3.5, 1.5, 5.5], "texture": "#0"},
				"down": {"uv": [0, 3.5, 0.25, 5.5], "rotation": 180, "texture": "#0"}
			}
		},
		{
			"name": "left2",
			"from": [-1.57, 7.135, 0],
			"to": [-0.57, 13.135, 15.99],
			"rotation": {"angle": -22.5, "axis": "z", "origin": [-1.12074, 9.11522, 8]},
			"faces": {
				"east": {"uv": [0, 11, 1.5, 7], "rotation": 270, "texture": "#0"},
				"south": {"uv": [0, 10.75, 1.5, 11], "rotation": 270, "texture": "#0"},
				"west": {"uv": [0, 7, 1.5, 11], "rotation": 270, "texture": "#0"},
				"up": {"uv": [5.5, 7, 5.75, 11.0025], "texture": "#0"},
				"down": {"uv": [0, 7, 0.25, 11.0025], "rotation": 180, "texture": "#0"}
			}
		},
		{
			"name": "matress1",
			"from": [-0.01, 4.99, -16],
			"to": [16.01, 9.01, 0.01],
			"rotation": {"angle": 0, "axis": "x", "origin": [8, 9, -17]},
			"faces": {
				"east": {"uv": [5.5, 1.5, 6.5, 5.5], "rotation": 90, "texture": "#1"},
				"west": {"uv": [0.5, 1.5, 1.5, 5.5], "rotation": 270, "texture": "#1"},
				"up": {"uv": [1.5, 1.5, 5.5, 5.5], "texture": "#1"}
			}
		},
		{
			"name": "matress2",
			"from": [-0.01, 4.99, -0.01],
			"to": [16.01, 9.01, 16.01],
			"rotation": {"angle": 0, "axis": "x", "origin": [8, 9, -1]},
			"faces": {
				"east": {"uv": [5.5, 7, 6.5, 11], "rotation": 90, "texture": "#1"},
				"south": {"uv": [5.5, 7, 9.5, 6], "texture": "#1"},
				"west": {"uv": [0.5, 7, 1.5, 11], "rotation": 270, "texture": "#1"},
				"up": {"uv": [1.5, 7, 5.5, 11], "texture": "#1"}
			}
		},
		{
			"name": "bed_foot",
			"from": [-0.01, 2.99, -0.01],
			"to": [16.01, 4.99, 16.01],
			"rotation": {"angle": 0, "axis": "x", "origin": [8, 5, -1]},
			"faces": {
				"east": {"uv": [6.5, 7, 7, 11.005], "rotation": 90, "texture": "#2"},
				"south": {"uv": [5.5, 6, 9.5, 5.5], "texture": "#2"},
				"west": {"uv": [0, 7, 0.5, 11.005], "rotation": 270, "texture": "#2"},
				"down": {"uv": [7, 7, 11, 11.005], "rotation": 180, "texture": "#2"}
			}
		},
		{
			"name": "leg4",
			"from": [13, 0, 13],
			"to": [16, 3, 16],
			"rotation": {"angle": 0, "axis": "y", "origin": [-8, 0, 29]},
			"faces": {
				"north": {"uv": [14, 3.75, 14.75, 4.5], "texture": "#2"},
				"east": {"uv": [13.25, 3.75, 14, 4.5], "texture": "#2"},
				"south": {"uv": [12.5, 3.75, 13.25, 4.5], "texture": "#2"},
				"west": {"uv": [14.75, 3.75, 15.5, 4.5], "texture": "#2"},
				"up": {"uv": [14, 3.75, 13.25, 3], "texture": "#2"},
				"down": {"uv": [14, 3.75, 14.75, 3], "rotation": 90, "texture": "#2"}
			}
		},
		{
			"name": "leg3",
			"from": [0, 0, 13],
			"to": [3, 3, 16],
			"rotation": {"angle": 0, "axis": "y", "origin": [-5, 0, 29]},
			"faces": {
				"north": {"uv": [14.75, 0.75, 15.5, 1.5], "texture": "#2"},
				"east": {"uv": [14, 0.75, 14.75, 1.5], "texture": "#2"},
				"south": {"uv": [13.25, 0.75, 14, 1.5], "texture": "#2"},
				"west": {"uv": [12.5, 0.75, 13.25, 1.5], "texture": "#2"},
				"up": {"uv": [14, 0.75, 13.25, 0], "texture": "#2"},
				"down": {"uv": [14.75, 0, 14, 0.75], "rotation": 180, "texture": "#2"}
			}
		}
	]
}