{
  "variants": {
    "occupied=true,facing=north,part=foot": {
      "model": "block/lime_bed_occupied"
    },
    "occupied=true,facing=south,part=foot": {
      "y": 180,
      "model": "block/lime_bed_occupied"
    },
    "occupied=true,facing=east,part=foot": {
    "y": 90, 
      "model": "block/lime_bed_occupied"
    },
    "occupied=true,facing=west,part=foot": {
      "y": 270,
      "model": "block/lime_bed_occupied"
    },
    "occupied=false,facing=north,part=foot": {
      "model": "block/lime_bed_foot"
    },
    "occupied=false,facing=south,part=foot": {
      "y": 180,
      "model": "block/lime_bed_foot"
    },
    "occupied=false,facing=east,part=foot": {
    "y": 90, 
      "model": "block/lime_bed_foot"
    },
    "occupied=false,facing=west,part=foot": {
      "y": 270,
      "model": "block/lime_bed_foot"
    }
  }
}